YEAR,Date,PREC,RH2M,T2M,T2M_MAX,T2M_MIN,WD10M,WS10M
1981,JAN,0.07,54.44,22.83,36.65,11.07,26.75,3.12
1981,FEB,0.02,35.38,26.01,39.29,13.62,358.69,3.16
1981,MAR,0.06,43.31,28.29,41.37,17.87,334.75,3.26
1981,APR,0.09,50.44,30.48,44.95,19.8,308.94,3.15
1981,MAY,0.42,60.94,30.84,39.69,24.11,280,3.87
1981,JUN,15.8,79.19,28.8,36.8,24.61,254.94,4.53
1981,JUL,25.04,90.06,26.45,29.15,24.37,244.38,6.09
1981,AUG,16.88,90.44,25.73,29.03,22.64,249.56,5.48
1981,SEP,14.46,88.5,26.22,33.05,22.9,274.56,2.88
1981,OCT,2.5,79.88,25.9,32.75,19.12,59.25,2.74
1981,NOV,0.26,71.56,22.82,31.81,13.6,72.44,3.16
1981,DEC,0.05,67.06,23.04,31.94,11.94,79.62,2.86
1982,JAN,0.05,61.31,23.12,33.01,14.92,356.38,2.69
1982,FEB,0.02,49.75,24.57,37.7,14.66,333.38,2.96
1982,MAR,0,44.44,27.3,43.93,14.57,323.81,3.16
1982,APR,0.04,55.5,29.47,41.61,21.13,291.75,3
1982,MAY,0.8,58.62,30.59,40.51,23.98,279,3.16
1982,JUN,12.34,76.06,28.87,36.72,24.2,253.44,4.91
1982,JUL,25.26,88.44,26.69,31.33,23.38,243.81,5.47
1982,AUG,15.4,90.81,25.58,28.8,23.06,245.81,5.32
1982,SEP,8.77,85.94,25.56,30.55,21.59,262.69,2.79
1982,OCT,0.65,77.81,27.01,33.66,21.21,50.88,2.08
1982,NOV,1.92,77.19,24.68,32.59,17.23,93.44,2.9
1982,DEC,0,63.94,23.65,32.61,13.07,74.06,2.83
1983,JAN,0,48.94,22.37,34.16,12.23,23.5,3.05
1983,FEB,0,50.06,22.85,36.04,11.99,331.56,3.07
1983,MAR,0,50,26.43,41.33,15.8,315.06,3.17
1983,APR,0.13,56.44,28.62,41.69,19,298.38,3.41
1983,MAY,0.02,60.94,30.76,45.53,23.6,283.12,3.99
1983,JUN,8.63,72.81,29.41,38.11,25.01,250.25,4.88
1983,JUL,13.08,87.31,27.16,31.93,24.39,244.06,5.61
1983,AUG,25.94,91.31,26.15,29.55,23.44,253.19,4.78
1983,SEP,19.3,90.5,25.9,29.7,23.19,253.31,2.97
1983,OCT,1.38,82.56,24.98,31.4,17.69,2.12,3.24
1983,NOV,0.01,67.75,22.58,31.12,13.69,72.19,3.13
1983,DEC,0.01,60.62,22.69,32.56,9.13,58.25,3.02
1984,JAN,0,50.62,21.8,33.6,11.26,0,2.82
1984,FEB,0.53,37.5,24.83,38.8,11.94,26.81,3.87
1984,MAR,0.01,36,29.76,42.87,18.58,346.19,3.48
1984,APR,0.06,52.75,30.91,43.36,21.44,289.94,3.15
1984,MAY,0,59.31,31.2,41.49,22.95,286.12,4.07
1984,JUN,14.91,77.88,28.41,38.82,24.72,233.06,6.05
1984,JUL,24.36,89.69,25.98,29.65,23.83,248.06,5
1984,AUG,5.95,89.94,25.32,28.56,23.03,240.19,5.49
1984,SEP,11.66,87.12,25.3,33.18,20.4,267.94,3.3
1984,OCT,2.44,79.25,25.66,33.4,18.55,3.69,2.43
1984,NOV,0.01,63.19,23.53,32.41,14.3,68.75,3.01
1984,DEC,0,50.19,23.35,34.59,12.92,48.81,3.04
1985,JAN,0,44.69,23.51,35.75,12.72,5.56,2.95
1985,FEB,0,33.94,25.23,40.98,14.37,352.75,3.23
1985,MAR,0,42.12,29.61,43.53,18.21,331.31,2.93
1985,APR,0.13,53.94,29.93,44.87,21.27,300.94,3.33
1985,MAY,1.09,64.38,30.11,39.8,23.85,256.06,3.83
1985,JUN,19.58,81.19,27.98,34.61,24.76,255.88,4.87
1985,JUL,14.8,88.5,25.99,29.44,23.57,245.06,5.46
1985,AUG,11.92,90.19,25.37,28.64,22.31,247.75,4.58
1985,SEP,4.17,85.88,25.62,32.05,22.09,262.62,2.63
1985,OCT,5.74,75.94,25.06,33.9,16.26,27.75,3.04
1985,NOV,0.98,66.19,23.15,32.83,15.01,64.5,3.02
1985,DEC,0,58,23.32,34.82,15.01,44.12,2.81
1986,JAN,0,48,23.45,34.64,14.12,23.62,3.09
1986,FEB,0,46.12,24.79,37.43,13.88,320.88,2.95
1986,MAR,0,47.75,28.26,42,16.85,317.12,3.05
1986,APR,0,54.69,30.33,43.19,19.93,292.31,3.14
1986,MAY,0.29,60.88,30.47,40.3,23.37,261.12,4.12
1986,JUN,21.59,83.06,27.94,34.69,25.13,237.75,4.65
1986,JUL,8.02,88.19,26.3,30.08,23.57,251.75,5.42
1986,AUG,11.12,89,25.09,28.74,21.49,260.06,4.63
1986,SEP,2.19,85.06,25.4,31.77,21.61,276.25,2.51
1986,OCT,0.07,71.69,26.15,36.6,17.65,40.5,2.48
1986,NOV,0.38,58.69,25.28,35.88,16.4,57.5,2.74
1986,DEC,0.49,45.88,23.3,35.76,11.12,42.38,3.26
1987,JAN,0.05,43.5,24.7,37.8,14.49,1.75,2.93
1987,FEB,0.05,37.19,25.64,37.41,16.16,348.62,3.21
1987,MAR,0,44.69,28.48,42.98,18.25,316.88,3.1
1987,APR,0.06,53.44,30.25,44.85,21.28,289.94,3.6
1987,MAY,1.41,59,30.3,40.35,22.33,294.62,2.83
1987,JUN,10.74,79.06,28.7,36.92,24.31,240.88,3.91
1987,JUL,14.89,87.62,26.87,29.99,24.13,239.44,5.12
1987,AUG,25.09,90.19,26.29,30.05,24.05,261.19,4.79
1987,SEP,1.66,86.31,26.65,34.31,22.09,286.25,2.92
1987,OCT,4.65,75.12,26.68,33.87,18.12,69.69,2.51
1987,NOV,0.15,69.38,25.71,33.98,16.25,67.94,2.7
1987,DEC,0.64,55.81,24.33,34.5,13.53,80.81,3.09
1988,JAN,0,48.62,25,37.85,15.51,17.56,2.88
1988,FEB,0,46.5,26.08,40.43,16.68,324.56,2.83
1988,MAR,0,50,27.49,39.83,17.8,312.06,2.86
1988,APR,0.51,52.94,30.79,43.7,19.87,293.25,2.91
1988,MAY,0.16,61.25,31.16,43.04,23.83,285.81,3.97
1988,JUN,11.7,76,29.08,37.44,24.65,226.31,4.62
1988,JUL,37.34,90.06,26.79,31.45,24.37,242.5,5.62
1988,AUG,9.35,90.5,26.26,29.7,24.08,250.81,4.32
1988,SEP,24.27,90.19,26.61,32.73,23.27,252.62,3.41
1988,OCT,2.42,75.25,25.27,32.45,18.06,34.62,2.88
1988,NOV,0.02,66.94,23.07,31.3,13.87,77.25,3.37
1988,DEC,0.01,56.5,23.2,32.87,13.32,83.62,3.31
1989,JAN,0.04,42.94,23.38,37.56,14.23,27.81,3.22
1989,FEB,0,33.31,25.69,39.51,14.02,8.94,3.64
1989,MAR,0.13,46,27.98,39.9,18.58,326.5,3.04
1989,APR,0.32,48.44,30.43,43.76,18.67,307.25,3.2
1989,MAY,0.36,57.81,30.91,42.19,23.54,271.94,3.79
1989,JUN,14.58,82,27.75,35.1,23.76,233.81,4.78
1989,JUL,26.55,88.25,26.37,29.89,22.95,255.62,5.2
1989,AUG,16.95,91.25,25.38,28.51,23.01,257.94,4.77
1989,SEP,7.54,88.44,25.77,32.68,22.15,266.38,2.74
1989,OCT,2.31,73,26.13,34.36,18.48,27.56,2.39
1989,NOV,0.03,67.25,24.85,33,17.06,76.5,2.75
1989,DEC,0.01,54.56,22.8,32.4,12.45,74.12,3.22
1990,JAN,0,38.38,25.05,37.9,15.21,51,3.28
1990,FEB,0.06,44.56,25.68,38.9,14.48,334.19,3.36
1990,MAR,0.05,50.06,26.9,41.25,16.11,299.75,2.85
1990,APR,0,55.56,29.36,43.27,19.59,299.94,3.02
1990,MAY,4.76,65.38,30.44,43.16,24.4,268.31,3.84
1990,JUN,17.56,83.31,27.81,32.57,24.75,251.31,4.66
1990,JUL,17.06,90.12,26.05,29.5,23.74,242.88,6.11
1990,AUG,25.72,91.94,25.48,28.56,23.52,252.31,5.17
1990,SEP,11.41,89.81,25.41,29.08,22.59,251.56,3.4
1990,OCT,4.56,81.94,25.97,32.17,19.32,92.38,3.04
1990,NOV,0.26,75.81,24.8,31.73,15.37,70.62,2.9
1990,DEC,0,66.5,23.3,32.52,10.65,73.12,3.11
1991,JAN,0,47.56,22.26,37.19,9.23,40.75,3.29
1991,FEB,0,45.12,24.73,37.89,13.35,343.06,3.05
1991,MAR,0,50.31,28.09,43.69,17.02,315.31,2.96
1991,APR,0,54.56,30.45,44.5,21.58,298.06,2.94
1991,MAY,0.06,62.25,31.12,40.94,25.09,285.38,3.25
1991,JUN,28.77,82.06,28.38,40.41,24.12,256.25,4.53
1991,JUL,28.49,90.44,26.23,30.06,24.04,245.69,5.96
1991,AUG,8.37,90.62,25.52,28.59,23.25,252.56,5.03
1991,SEP,3.73,87.44,25.51,30.55,20.78,284.38,2.73
1991,OCT,0.07,73.19,25.81,33.45,17.76,42.06,2.55
1991,NOV,0.11,63.38,25.33,33.86,17.01,70.94,2.83
1991,DEC,0.13,48.44,22.97,34.37,11.9,56.81,3.34
1992,JAN,0,38.25,24.24,36.72,13.19,48,3.38
1992,FEB,0,45.81,24.3,37.9,14.44,342,3.34
1992,MAR,0,42.62,28.01,43.27,16.99,335.88,3.33
1992,APR,0.03,52.19,29.57,41.42,20.24,317,3.32
1992,MAY,0.01,58.56,30.9,42.82,23.3,268.69,3.75
1992,JUN,6.29,70.44,29.32,39.37,22.24,261,4.52
1992,JUL,17.73,84.19,27.3,32.88,23.97,241.06,5.4
1992,AUG,20.73,90.19,25.87,29.35,23.42,248.25,4.72
1992,SEP,11.84,85.5,25.78,32.99,20.63,265.19,3.59
1992,OCT,1.6,79.62,25.47,32.9,17.23,12.19,2.57
1992,NOV,0.03,67.94,24.69,32.71,15.44,71.69,3.32
1992,DEC,0,53.5,23.49,33.54,14.61,84.44,3.26
1993,JAN,0.07,42.56,24.04,37.44,13.06,23.25,3.36
1993,FEB,0,35.94,25.91,39.58,14.1,31.31,3.49
1993,MAR,0.02,44.06,27.65,40.49,16.4,317.56,3.24
1993,APR,0.01,54.06,29.85,41.81,19.87,310.19,3.17
1993,MAY,0.04,59.5,31.08,40.9,23.51,279.88,3.74
1993,JUN,12.39,77.06,28.83,39.54,24.87,246.12,4.86
1993,JUL,24.17,88.88,26.58,31.12,24.09,248.69,5.66
1993,AUG,10.8,89.81,25.91,29.39,23.4,248.31,4.46
1993,SEP,15.14,89.62,25.7,30.38,23.06,268.62,3.6
1993,OCT,7.11,82.62,26.4,32.33,17.12,66.06,2.46
1993,NOV,0.05,75,23.69,31.38,14.26,81.81,3.48
1993,DEC,0.46,64.19,21.9,31.23,13.94,88.31,3.48
1994,JAN,0.37,59.88,22.9,35.63,10.11,50.19,3
1994,FEB,0,47.75,23.69,37.87,13.45,354.62,3.23
1994,MAR,0,42.19,29.53,43.39,18.3,334.38,3.17
1994,APR,0.25,54.69,29.89,40.66,21.8,301.38,2.97
1994,MAY,0.79,61,30.83,41.86,23.37,276.88,3.54
1994,JUN,22.05,84,27.61,36.05,24.69,238.69,5.34
1994,JUL,31.84,90.88,25.94,28.91,24.14,240.12,6.42
1994,AUG,13.73,90.5,25.37,29.17,23.48,242.88,5.34
1994,SEP,10.77,85.94,24.91,31.77,18.84,240.19,3.94
1994,OCT,3.6,77.62,25.88,32.82,18.76,66.88,2.76
1994,NOV,0.15,70.31,24.5,31.97,14.9,77.88,3.34
1994,DEC,0,53.12,22.1,32.18,12.26,69.06,3.36
1995,JAN,0.25,48.31,22.3,35.23,11.34,41.31,3.34
1995,FEB,0.01,46.5,25.51,37.57,14.93,337.81,3.07
1995,MAR,0.01,45.69,28.13,41.89,17.4,329.88,3.31
1995,APR,0.33,45.88,30.57,43.5,19.08,325.31,3.11
1995,MAY,0.32,57.44,30.91,42.26,23.59,259.81,3.73
1995,JUN,3.86,70.12,29.95,39.98,25.74,251.94,4.59
1995,JUL,22.25,86.31,27.11,33.65,24.52,239.81,5.62
1995,AUG,6.43,88.44,26.34,30.65,23.44,253.44,4.25
1995,SEP,16.9,88.56,25.98,31.11,22.22,273.5,3.11
1995,OCT,2.82,79.75,26.3,33.69,18.65,57.38,2.95
1995,NOV,0.02,68.75,23.31,32.3,15.17,65.75,2.77
1995,DEC,0,61.38,23.15,33.57,14.79,65.94,2.9
1996,JAN,0.22,54.5,23.42,36.79,12.26,0.62,2.97
1996,FEB,0,43.62,26.05,38.86,15.21,344.19,3.15
1996,MAR,0,46.56,29.44,42.82,18.98,327.19,3.29
1996,APR,0.03,51.81,30.09,42.45,19.79,307.94,3.25
1996,MAY,0.07,60.19,30.55,40.71,22.81,279.56,3.56
1996,JUN,10.89,76.88,28.73,37.89,24.42,229.19,5.02
1996,JUL,29.82,89.81,26.26,31.1,23.8,240.25,5.33
1996,AUG,10.97,90.75,25.39,28.89,23,258.5,4.57
1996,SEP,9.17,89.69,25.44,31.39,21.57,285.31,2.86
1996,OCT,6.42,81.69,25.16,32.28,17.75,88.81,3.27
1996,NOV,0.05,70.44,23.09,31.44,15.71,63.62,2.95
1996,DEC,0,59.5,22.66,32.57,13.3,81.12,3.16
1997,JAN,0.07,53.62,22.19,33.62,11.52,31,3.24
1997,FEB,0,42.94,24.3,41.38,14.05,356.75,3.19
1997,MAR,0,40,29.39,42.24,17.89,340.69,3.27
1997,APR,0.07,51.94,29.33,43.21,19.18,312.06,2.97
1997,MAY,0.04,58.25,30.52,40.19,22.76,278.69,3.57
1997,JUN,18.55,81.25,28.1,35.67,25.36,234.75,4.88
1997,JUL,16.94,89,26.58,30.13,24.26,236.19,5.98
1997,AUG,21.09,90.25,25.84,28.96,23.19,243.25,5.36
1997,SEP,5.81,87.38,25.64,30.82,20.9,245.5,3.03
1997,OCT,0.4,77.69,25.83,33.4,18.7,23.5,2.44
1997,NOV,2.97,76,25.9,33.23,18.19,38.25,2.22
1997,DEC,1.19,74.06,22.7,31.67,14.21,21.19,2.53
1998,JAN,0,58.38,23.12,36.04,12.02,27.19,2.86
1998,FEB,0,48.31,24.41,36.54,14.84,347.75,3.4
1998,MAR,0,46.69,27.9,43.37,15.72,316,3.05
1998,APR,0,53.88,31.12,45,21.79,307.38,3.14
1998,MAY,0.23,55.88,32.62,46.12,24.16,274.94,3.74
1998,JUN,12.06,74.44,29.55,40.72,25.64,244.31,5.15
1998,JUL,19.06,89.62,26.75,30.4,23.39,241.25,5.23
1998,AUG,13.96,90.62,26.86,32.54,23.94,252.62,4.15
1998,SEP,13.23,89.69,26.59,32.98,23.82,277.19,3.56
1998,OCT,10.06,83.81,26.23,32.89,17.9,202.31,2.96
1998,NOV,1.05,75.62,24.1,31.74,14.85,77.69,2.61
1998,DEC,0,63.25,21.58,30.4,13.54,87.12,3.53
1999,JAN,0,57.12,21.68,32.74,11.35,41.88,3.09
1999,FEB,0.02,47.56,26.71,40.65,13.44,21.5,3.04
1999,MAR,0,40.31,29.12,45.46,18.73,342.38,3.38
1999,APR,0,56.06,30.46,44.2,21.74,291.06,3.22
1999,MAY,1.73,67.31,29.48,39.63,24.03,254,3.55
1999,JUN,15.31,81,27.69,35.25,23.75,245.12,4.88
1999,JUL,12.77,88.56,26.53,30.53,24.19,248.5,5.49
1999,AUG,4.87,88.94,25.74,29.44,22.98,249.75,4.52
1999,SEP,11.02,88.94,25.76,31.5,22.75,262.56,3.4
1999,OCT,7.47,80.88,25.6,32.48,17.18,64.38,2.81
1999,NOV,0,66.81,23.36,31.85,14.56,70.69,3.51
1999,DEC,0,56.12,22.33,33.59,12.68,79.38,3.41
2000,JAN,0,48.25,23.43,36.23,12.3,40.19,3.34
2000,FEB,0,50.81,24.17,39.25,13.42,333.06,3.07
2000,MAR,0,42.88,27.58,42.57,15.89,329.94,3.04
2000,APR,0,55.69,30.73,44.33,21.83,303.12,3.22
2000,MAY,8.75,70.88,29.22,41.8,22.73,243.44,3.91
2000,JUN,10.46,84.19,27.58,32.23,24.32,266.88,4.45
2000,JUL,26.47,88.5,25.98,29.75,23.08,250.75,5.53
2000,AUG,11.69,88.44,26.09,30.4,23.33,250.81,4.81
2000,SEP,3.26,86.12,26.26,32.55,21.92,280.5,2.9
2000,OCT,2.05,78.38,26.33,33.94,18.56,2.5,2
2000,NOV,0.15,63.69,24.71,33.79,16.31,66.12,2.77
2000,DEC,0.36,44.56,23.32,34.76,14.68,80.44,3.45
2001,JAN,0,45.81,24.2,35.95,13.01,12.19,3.05
2001,FEB,0,41.56,25.55,38.69,15.99,337.69,2.88
2001,MAR,0,55.56,27.24,38.95,17.98,288.38,2.9
2001,APR,0.05,49.69,30.81,42.66,19.94,310.31,3.16
2001,MAY,0.94,62.44,30.76,40.92,24.89,242,4.47
2001,JUN,17,81.94,27.7,34.69,24.86,237.06,5.71
2001,JUL,20.07,89,26.24,30.02,24.05,240.69,5.78
2001,AUG,13.86,90.94,25.63,29.01,23.55,251.44,4.59
2001,SEP,5.2,87.69,26.16,33.31,22.4,273.62,2.75
2001,OCT,3.88,80.19,25.8,32.83,18.08,58.06,3.02
2001,NOV,0.2,66.56,24.38,33.8,15.55,75.88,3.07
2001,DEC,0,56.44,23.71,32.97,15,71.06,2.98
2002,JAN,0,51.06,22.4,34.81,11.23,31.25,3.27
2002,FEB,0,39.31,26.3,38.69,13.25,347.56,3.2
2002,MAR,0.02,43.44,29.45,42.77,19.45,339,3.23
2002,APR,0.07,50.12,31.35,43.09,22.05,315,3.22
2002,MAY,0.28,60.44,31.51,44.19,24.81,262.12,4.39
2002,JUN,16.63,78.06,28.83,38.37,25.25,245.19,4.91
2002,JUL,4.09,85.12,26.87,30.51,24.26,250.31,5.53
2002,AUG,18.77,89.88,25.8,29.26,23.01,255.81,4.95
2002,SEP,2.92,85.75,25.83,34.17,22.13,279.81,2.86
2002,OCT,0.56,71.75,26.9,34.74,17.58,68.44,2.69
2002,NOV,0.09,57,25.59,36.27,17.7,63.62,3.04
2002,DEC,0.01,48.75,24.59,37.08,13.63,29.06,3.06
2003,JAN,0,43.25,25.75,38.3,13.12,24.38,2.92
2003,FEB,0.3,48.12,26.37,38.73,16.9,330.5,3.16
2003,MAR,0,42.19,28.58,41.1,17.83,332.62,3.23
2003,APR,0.03,52.44,31,43.12,21.62,307.12,3.23
2003,MAY,0,58.44,31.3,43.25,22.74,283.25,3.72
2003,JUN,23.67,79.75,28.78,39.33,24.4,237.44,4.73
2003,JUL,18.87,89.81,26.95,30.14,24.92,234.56,5.28
2003,AUG,12.28,89.5,26.22,29.44,23.87,252.94,4.71
2003,SEP,7.77,88.94,25.9,30.78,23.13,260.75,3.51
2003,OCT,1.64,76,25.94,33.52,17.8,47.06,2.73
2003,NOV,0.04,69.81,24.76,33.12,16.9,72.06,3.05
2003,DEC,0.01,56.44,23.42,33.62,12.9,53.19,3.09
2004,JAN,0.01,51.94,23.26,36.08,13.92,16.5,3.09
2004,FEB,0,38.88,26.4,39.79,14.91,5.69,3.23
2004,MAR,0,37.19,30.39,43.35,20.28,345.75,3.17
2004,APR,0,57.25,30.37,40.94,22.65,295.94,2.93
2004,MAY,2.98,62.81,30.87,44.85,23.62,258.94,3.81
2004,JUN,12.57,81.31,27.98,36.16,24.96,230.12,5.65
2004,JUL,21.4,87.25,26.76,30.58,24.34,250.31,4.86
2004,AUG,30.63,90.62,25.74,28.78,23.08,252.38,5.8
2004,SEP,7.5,87,26.48,32.69,22.36,291.75,2.68
2004,OCT,0.88,76.69,25.06,32.23,17.71,96.25,3.3
2004,NOV,0.14,66.5,25.02,32.87,16.21,82.12,3.05
2004,DEC,0,54.44,23.6,34.09,15.8,75.44,3.26
2005,JAN,0.11,49.5,22.84,35.06,12.21,6.31,3.05
2005,FEB,0,46.69,25.26,40.09,13.39,331.44,2.99
2005,MAR,0.01,48.5,28.3,42.84,18.47,322.5,3.01
2005,APR,0.45,48.5,30.58,43.54,20.29,306.31,2.79
2005,MAY,0.5,59.81,31.01,42.03,23.66,292.5,3.27
2005,JUN,26.64,76.12,29.33,38.43,25.87,247.88,4.77
2005,JUL,35.33,91.12,26.63,29.74,24.83,255.88,5.1
2005,AUG,13.94,90.19,26.01,29.37,23.15,254.5,4.79
2005,SEP,25.88,92.06,25.87,30.97,21.97,250.38,4.71
2005,OCT,2.43,76.81,25.5,33.01,16.82,55,2.73
2005,NOV,0,66.81,23.08,32.11,14.87,86.38,3.35
2005,DEC,0,58.5,22.26,31.75,12.44,69.62,3.07
2006,JAN,0,49.38,23.42,35.9,12.53,60.81,3.4
2006,FEB,0,38.5,27.49,41.36,17.11,38.94,3.01
2006,MAR,0.31,48.25,28.19,42.55,18.76,313.56,2.93
2006,APR,0,56.88,29.7,40.34,20.56,305,3.06
2006,MAY,6.05,63.94,30.6,41.31,24.83,277.44,3.53
2006,JUN,14.72,81.62,28.24,33.65,24.69,246.12,4
2006,JUL,36.21,91.12,26.02,28.86,24.13,237.19,6.71
2006,AUG,33.96,91.56,25.46,28.48,23.34,247.5,5.62
2006,SEP,12.97,90.44,26.09,31.22,22.83,252.81,3.17
2006,OCT,4.6,79.38,26.44,33.33,19.21,53.75,2.91
2006,NOV,0.8,74.56,24.64,31.34,17.7,77.62,2.95
2006,DEC,0.01,62.12,23.55,32.74,15.17,82.06,3.06
2007,JAN,0,51.56,23.98,37.2,14.52,52.88,2.95
2007,FEB,0.01,53.69,25.51,37.64,16.9,314.56,2.71
2007,MAR,0,42.44,28.94,43.89,18.58,338.25,3.33
2007,APR,0.28,50.88,31.37,44.89,21.19,314.44,3.09
2007,MAY,0.17,60.12,31.12,40.25,25.11,274.38,3.54
2007,JUN,30.08,81.25,28.74,36.29,25.65,230.81,4.94
2007,JUL,22.78,89.75,26.81,30.69,24.48,237.31,5.34
2007,AUG,19.66,90.81,26.26,30.09,23.93,244.06,5.03
2007,SEP,15,89.62,26.39,30.38,22.23,241.5,3.65
2007,OCT,0.18,73.5,25.24,32.87,18.21,65.62,3.06
2007,NOV,0.24,67.94,24.12,32.83,14.4,80.12,3.06
2007,DEC,0,60.69,23.7,35.05,14.06,68.81,3.17
2008,JAN,0,47.12,22.49,35.8,11.83,25.5,3.16
2008,FEB,0,39.25,24.21,39.7,10.42,355.38,3.3
2008,MAR,0.22,44.62,28.94,41.27,19.25,313.62,2.81
2008,APR,0.01,51.94,30.63,43.2,21.31,304.5,3.11
2008,MAY,0.11,61.44,30.58,39.79,24.13,273.06,3.67
2008,JUN,23.6,84.12,27.72,37.4,25.2,231.56,5.44
2008,JUL,20.23,89.38,26.46,29.58,24.26,244.19,5.09
2008,AUG,22.52,90.31,25.81,30.01,23.13,259.56,4.32
2008,SEP,17.11,88.88,25.94,31.28,20.35,273.81,3.23
2008,OCT,1.17,75.06,25.72,33.57,17.32,65.94,2.88
2008,NOV,0.09,67.69,24.65,32.74,14.93,75.44,3.27
2008,DEC,0.22,58.06,24.55,34.06,13.69,85.06,2.9
2009,JAN,0,50.12,24.91,38.4,14.4,63.5,3
2009,FEB,0,39.81,26.62,41.08,15.46,353.06,3.16
2009,MAR,0.1,42.19,29.67,42.77,19.69,340.94,3.26
2009,APR,0.02,47.75,31.96,44.18,21.31,311.19,3.37
2009,MAY,0.07,58.56,31.23,41.24,24.25,265.69,3.59
2009,JUN,7.4,73.06,29.4,36.44,25.29,243.44,4.51
2009,JUL,33.95,90.44,26.48,29.56,24.3,237.69,6.08
2009,AUG,13,89.44,26.4,30.43,24.17,252.5,4.2
2009,SEP,9.25,88.69,26.62,32.03,22.19,299.31,2.97
2009,OCT,6.68,75.62,25.99,33.3,17.9,41.81,2.98
2009,NOV,3.65,75.12,24.34,32.79,16.13,77.06,3.09
2009,DEC,0,67.12,23.01,31.33,12.89,74.25,2.78
2010,JAN,0.01,56.94,23.57,33.65,13.2,63.69,3.03
2010,FEB,0,50.5,25.06,39.33,16.01,347.19,2.77
2010,MAR,0.19,47.12,29.46,42.42,18.64,325.31,2.84
2010,APR,0.02,53.25,31.36,43.05,21.81,299.38,3
2010,MAY,0.38,59.88,32.13,41.81,26.19,280.88,3.78
2010,JUN,22.09,84.19,28.51,35.73,25.3,252.25,4.09
2010,JUL,34.46,91.5,26.73,30.07,23.86,240.69,5.17
2010,AUG,28.14,91.06,26.37,29.81,23.74,252,4.46
2010,SEP,8.29,88.75,26.57,32.65,23.29,251.69,3.14
2010,OCT,6.3,81.88,26.61,33.3,19.47,22.12,2.54
2010,NOV,2.19,82.31,25.75,31.94,18.02,82.19,2.5
2010,DEC,0,70.69,21.47,30.94,11.83,59.69,2.92
2011,JAN,0,56.69,22.01,34.12,11.45,61.25,3.25
2011,FEB,0.01,51.19,24.56,37.28,15.26,9.31,2.98
2011,MAR,0,39.44,29.22,41.98,18.24,350.56,3.18
2011,APR,0.23,55.12,30.33,41.38,20.78,288.5,2.8
2011,MAY,0.07,60.94,30.77,39.93,24.21,276.75,3.73
2011,JUN,11.68,82.5,28.17,36.51,24.69,229.75,5.96
2011,JUL,35.26,90.06,26.51,31.13,23.89,247.88,4.7
2011,AUG,20.32,91.38,26.08,29.94,23.9,243.5,4.84
2011,SEP,11.62,88.56,25.97,31.19,22.89,236.38,3.59
2011,OCT,5.38,79.06,26.42,32.67,18.05,61.81,2.63
2011,NOV,0.01,66.69,24.87,32.79,16.25,87.12,3.34
2011,DEC,0,58.62,23.18,33.01,12.6,66.06,3.02
2012,JAN,0,54.44,21.49,33.23,11.26,16.25,3.14
2012,FEB,0,35.88,25.2,40.33,11.18,8.31,3.45
2012,MAR,0,37.5,27.86,42.94,15.51,343,3.27
2012,APR,0.08,53.44,30.52,41.89,21.75,312.38,3.06
2012,MAY,0.06,61.19,30.44,39.2,23.66,288.56,3.91
2012,JUN,7.95,74.69,29.12,37.45,23.96,233.12,5.05
2012,JUL,18.81,88.75,26.85,31.2,24.41,245.25,5.3
2012,AUG,12.44,90.31,26.21,29.58,24.05,250.12,4.93
2012,SEP,13.6,89.06,25.98,32.67,22.13,243.75,3.96
2012,OCT,6.6,78.44,26.36,33.01,18.11,64.62,2.55
2012,NOV,0.01,67.31,23.98,31.94,14.83,61.25,2.55
2012,DEC,0,63,23.38,32.98,15.21,64.44,2.79
2013,JAN,0,53.44,22.56,34.33,12.01,14.44,2.78
2013,FEB,0.24,49.81,25.73,37.65,14.55,336.69,2.85
2013,MAR,0.03,43,28.78,41.16,19.06,332.75,3.32
2013,APR,0,55.75,29.78,41.53,20.61,302.12,3.18
2013,MAY,0.01,60.31,31.21,41.48,24.25,273.38,3.76
2013,JUN,31.07,86.5,27.5,36.15,25.25,236.44,4.98
2013,JUL,28.6,91.69,25.93,28.88,24.05,248.25,6.01
2013,AUG,7.55,89.81,25.75,29.26,23.67,253.38,4.55
2013,SEP,10.49,88.62,26.22,32.12,23.19,271.81,3.2
2013,OCT,2.86,81.94,26.19,33.44,19.23,6.88,2.62
2013,NOV,0.14,71.12,24.48,32.55,15.8,84.19,3.21
2013,DEC,0.07,60.88,22.8,32.13,14.3,74.19,2.97
2014,JAN,0.02,56.69,23.17,34.32,11.8,49.62,3.12
2014,FEB,0.02,48.56,24.78,36.73,14.23,319.62,3.23
2014,MAR,0.13,45.31,28.5,41.48,15.17,329.94,3.22
2014,APR,0.07,48.88,30.8,43.51,20.98,302.94,2.74
2014,MAY,0.41,56.56,31.47,41.48,24.2,287.81,3.21
2014,JUN,2.53,68.06,30.47,39.51,26.19,238.19,5.19
2014,JUL,42.18,86.69,27.19,34.16,24.89,249.94,5.76
2014,AUG,20.38,90.44,26.19,31.6,23.75,258.38,4.3
2014,SEP,8.75,86.88,26.18,33.24,22.48,258.25,3.34
2014,OCT,0.93,75.31,26.62,33.58,18.67,75.19,2.66
2014,NOV,0.65,66.94,25.09,32.74,16.51,82.62,2.95
2014,DEC,0.61,54.5,23.06,33.75,11.9,82.75,3.28
2015,JAN,0.03,53.25,22.9,35.25,13.88,49.69,3.12
2015,FEB,0.42,43.69,25.98,39.01,16.51,4.56,3.09
2015,MAR,1.3,50.25,28.05,43.45,14.11,341.5,3.05
2015,APR,0.06,56.38,30.09,42.22,20.8,281.69,2.84
2015,MAY,1.1,61.25,31.42,40.4,24.15,278.81,3.27
2015,JUN,26.82,80.62,28.33,37.65,24.83,224,5.23
2015,JUL,9.09,86.62,26.95,30.85,24.11,244.44,5.48
2015,AUG,3.94,87.44,26.52,31.14,23.86,259.44,3.73
2015,SEP,10.27,84.44,26.51,34.21,20.65,282.12,2.9
2015,OCT,2.32,75.81,27.44,35.3,20.58,75.31,2.54
2015,NOV,0.98,69.44,25.39,33.4,18.04,74.06,3.2
2015,DEC,0,52.5,23.86,35.64,12.73,68.81,3.23
2016,JAN,0.01,45.5,23.5,37.51,13.05,42.56,2.95
2016,FEB,0.72,50.56,25.69,38.77,15.2,322.5,2.68
2016,MAR,0.1,47.94,29.19,42.69,19.51,322.25,2.84
2016,APR,0.06,53.75,30.54,41.65,22,306.81,3.16
2016,MAY,0.3,61.38,31.47,40.37,24.36,269.69,3.68
2016,JUN,17.85,77.31,29.19,39.19,25.26,253.62,4.62
2016,JUL,32.56,91.19,26.29,29.23,24.03,249.06,4.96
2016,AUG,22.07,90.75,25.89,29.24,23.41,247.88,5.02
2016,SEP,20.21,90,25.62,30.28,22.26,284,3.53
2016,OCT,3.24,78.81,24.96,32.1,16.65,27,2.91
2016,NOV,0,61.06,23.01,33.44,15.04,86.56,3.39
2016,DEC,0,53.94,23.35,33.87,13.48,81.44,3.29
2017,JAN,0,48.62,23.34,36.11,12.13,55.94,3.08
2017,FEB,0,37.75,26.98,40.69,15.76,30.5,3.12
2017,MAR,0.06,47,28.47,44.11,16.72,310.44,2.86
2017,APR,0.01,53.12,30.35,43.46,20.44,286.44,3
2017,MAY,0.44,59.12,31.56,41.18,24.26,273.56,3.4
2017,JUN,20.03,82.31,28.52,37.52,25.51,235.5,4.54
2017,JUL,32.65,89.94,26.62,29.75,24.38,248.06,5.76
2017,AUG,21.46,89.94,26.15,29.56,22.68,254.56,4.1
2017,SEP,15.74,88.38,26.71,32.88,22.62,295.94,2.72
2017,OCT,4.37,77.19,26.6,34.03,18.12,53.62,2.32
2017,NOV,0.03,67.12,23.55,31.77,15.83,72.5,3.12
2017,DEC,1.53,66.62,22.3,31.23,14.39,84.44,3.31
2018,JAN,0.07,54.31,23.08,34.65,13.56,53.25,2.77
2018,FEB,0.23,44.69,26.05,39.87,15.78,33.5,2.8
2018,MAR,0.05,42.81,29.21,42.99,19.55,328.56,2.79
2018,APR,0.03,51.31,30.9,42.54,22.05,300.75,2.74
2018,MAY,0.17,59.19,31.4,41.03,24.11,276.81,3.23
2018,JUN,18.03,81.81,28.57,37.77,24.72,246.5,4.57
2018,JUL,31.28,91,26.3,30.19,24.21,242.56,5.8
2018,AUG,13.66,89.94,25.73,28.78,23.17,251.25,5.39
2018,SEP,3.3,85.44,25.94,33.85,21.65,277.75,2.88
2018,OCT,0.7,69.38,26.89,35.32,18.19,72.31,2.59
2018,NOV,0.22,58.75,25.8,34.56,17.38,75.94,2.8
2018,DEC,0.01,46.25,23.37,34.25,12.27,61.44,3.35
2019,JAN,0.01,34.69,23.38,35.97,12.56,46.19,3.37
2019,FEB,0.01,40.44,25.35,39.4,12.3,348.69,3.26
2019,MAR,0.02,44.19,28.07,43.26,17.08,326.56,3.06
2019,APR,0.12,52.88,30.89,44.91,20.89,303.19,3.02
2019,MAY,0.01,58.19,31.05,41.81,23.39,294.19,3.5
2019,JUN,15.14,73.56,29.83,39.27,25.56,234.75,4.3
2019,JUL,34.95,90.81,26.93,30.78,24.4,245.5,4.89
2019,AUG,21.51,90.75,26.27,29.76,23.61,247.56,4.76
2019,SEP,30.96,91.38,26.32,30.43,23.73,241.75,4.02
2019,OCT,6.21,84.44,26.38,33.06,21.13,76.25,2.66
2019,NOV,1.78,78.5,25.17,31.83,18.18,89.25,2.69
2019,DEC,0.09,76.81,23.87,31.44,14.23,74.69,2.88
2020,JAN,0.01,67.56,21.66,33.48,10.51,30.62,3.04
2020,FEB,0.01,49.88,25.23,37.35,12.38,44.56,3.16
2020,MAR,0.13,49.38,27.63,40.44,15.57,315.62,2.99
2020,APR,0.18,51.19,31.58,43.5,21.4,309.88,3.04
2020,MAY,0.27,57.25,32.21,41.58,24.95,303.06,3.71
2020,JUN,15.42,83,28.11,35.47,23.71,223,3.48
2020,JUL,25.2,90.19,26.94,31.19,24.11,229.56,4.36
2020,AUG,38.81,92.31,26.34,29.49,24.15,236.88,5.36
2020,SEP,12.04,90.12,26.51,32.59,23.37,278.31,2.66
2020,OCT,5.81,82.69,26.93,32.55,19.93,335.44,2.21
2020,NOV,0.02,76.06,24.85,32.37,15.42,74.88,2.88
2020,DEC,0.39,69.38,23.22,31.57,13.8,79,2.87
